"Date","Price"
"12/23/2015",1068.3
"12/24/2015",1075.9
"12/28/2015",1068.3
"12/29/2015",1068
"12/30/2015",1059.8
"12/31/2015",1060.2
"01/04/2016",1075.2
"01/05/2016",1078.4
"01/06/2016",1091.9
"01/07/2016",1107.8
"01/08/2016",1097.9
"01/11/2016",1096.2
"01/12/2016",1085.2
"01/13/2016",1087.1
"01/14/2016",1073.6
"01/15/2016",1090.7
"01/18/2016",1090.45
"01/19/2016",1089.1
"01/20/2016",1106.2
"01/21/2016",1098.2
"01/22/2016",1096.3
"01/25/2016",1105.6
"01/26/2016",1120.6
"01/27/2016",1116.3
"01/28/2016",1116.1
"01/29/2016",1116.4
"02/01/2016",1128
"02/02/2016",1127.2
"02/03/2016",1141.3
"02/04/2016",1157.5
"02/05/2016",1157.7
"02/08/2016",1197.9
"02/09/2016",1198.6
"02/10/2016",1194.6
"02/11/2016",1247.8
"02/12/2016",1239.4
"02/15/2016",1208.45
"02/16/2016",1208.2
"02/17/2016",1211.4
"02/18/2016",1226.3
"02/19/2016",1230.8
"02/22/2016",1210.1
"02/23/2016",1222.6
"02/24/2016",1239.1
"02/25/2016",1238.8
"02/26/2016",1220.4
"02/29/2016",1234.4
"03/01/2016",1230.8
"03/02/2016",1241.8
"03/03/2016",1258.2
"03/04/2016",1270.7
"03/07/2016",1264
"03/08/2016",1262.9
"03/09/2016",1257.4
"03/10/2016",1272.8
"03/11/2016",1259.4
"03/14/2016",1245.1
"03/15/2016",1231
"03/16/2016",1229.8
"03/17/2016",1265
"03/18/2016",1254.3
"03/21/2016",1244.2
"03/22/2016",1250.3
"03/23/2016",1225.6
"03/24/2016",1223.5
"03/28/2016",1222
"03/29/2016",1237.5
"03/30/2016",1228.6
"03/31/2016",1235.6
"04/01/2016",1223.5
"04/04/2016",1219.3
"04/05/2016",1229.6
"04/06/2016",1223.8
"04/07/2016",1237.5
"04/08/2016",1243.8
"04/11/2016",1258
"04/12/2016",1260.9
"04/13/2016",1248.3
"04/14/2016",1226.5
"04/15/2016",1234.6
"04/18/2016",1235
"04/19/2016",1254.3
"04/20/2016",1254.4
"04/21/2016",1250.3
"04/22/2016",1230
"04/24/2016",1235.3
"04/25/2016",1240.2
"04/26/2016",1243.4
"04/27/2016",1250.4
"04/28/2016",1266.4
"04/29/2016",1290.5
"05/01/2016",1293.8
"05/02/2016",1295.8
"05/03/2016",1291.8
"05/04/2016",1274.4
"05/05/2016",1272.3
"05/06/2016",1294
"05/08/2016",1286
"05/09/2016",1266.6
"05/10/2016",1264.8
"05/11/2016",1275.5
"05/12/2016",1271.2
"05/13/2016",1272.7
"05/15/2016",1277.9
"05/16/2016",1274.2
"05/17/2016",1276.9
"05/18/2016",1274.4
"05/19/2016",1254.8
"05/20/2016",1252.9
"05/22/2016",1255.1
"05/23/2016",1254.9
"05/24/2016",1232.2
"05/25/2016",1226.6
"05/26/2016",1222.7
"05/27/2016",1216.7
"05/31/2016",1217.5
"06/01/2016",1214.7
"06/02/2016",1212.6
"06/03/2016",1242.9
"06/06/2016",1247.4
"06/07/2016",1247
"06/08/2016",1262.3
"06/09/2016",1272.7
"06/10/2016",1275.9
"06/13/2016",1286.9
"06/14/2016",1288.1
"06/15/2016",1288.3
"06/16/2016",1298.4
"06/17/2016",1294.8
"06/20/2016",1292.1
"06/21/2016",1272.5
"06/22/2016",1270
"06/23/2016",1263.1
"06/24/2016",1322.4
"06/27/2016",1324.7
"06/28/2016",1317.9
"06/29/2016",1326.9
"06/30/2016",1320.6
"07/01/2016",1339
"07/04/2016",1353.5
"07/05/2016",1358.7
"07/06/2016",1367.1
"07/07/2016",1362.1
"07/08/2016",1358.4
"07/11/2016",1356.6
"07/12/2016",1335.3
"07/13/2016",1343.6
"07/14/2016",1332.2
"07/15/2016",1327.4
"07/18/2016",1329.3
"07/19/2016",1332.3
"07/20/2016",1319.3
"07/21/2016",1338.9
"07/22/2016",1331.5
"07/25/2016",1327.2
"07/26/2016",1328.3
"07/27/2016",1334.5
"07/28/2016",1341.2
"07/29/2016",1357.5
"08/01/2016",1359.6
"08/02/2016",1372.6
"08/03/2016",1364.7
"08/04/2016",1367.4
"08/05/2016",1344.4
"08/08/2016",1341.3
"08/09/2016",1346.7
"08/10/2016",1351.9
"08/11/2016",1350
"08/12/2016",1343.2
"08/15/2016",1347.5
"08/16/2016",1356.9
"08/17/2016",1348.8
"08/18/2016",1357.2
"08/19/2016",1346.2
"08/22/2016",1343.4
"08/23/2016",1346.1
"08/24/2016",1329.7
"08/25/2016",1324.6
"08/26/2016",1325.9
"08/29/2016",1327.1
"08/30/2016",1316.5
"08/31/2016",1311.4
"09/01/2016",1317.1
"09/02/2016",1326.7
"09/05/2016",1330.7
"09/06/2016",1354
"09/07/2016",1349.2
"09/08/2016",1341.6
"09/09/2016",1334.5
"09/12/2016",1325.6
"09/13/2016",1323.7
"09/14/2016",1326.1
"09/15/2016",1318
"09/16/2016",1310.2
"09/19/2016",1317.8
"09/20/2016",1318.2
"09/21/2016",1331.4
"09/22/2016",1344.7
"09/23/2016",1341.7
"09/26/2016",1344.1
"09/27/2016",1330.4
"09/28/2016",1323.7
"09/29/2016",1326
"09/30/2016",1317.1
"10/03/2016",1312.7
"10/04/2016",1269.7
"10/05/2016",1268.6
"10/06/2016",1253
"10/07/2016",1251.9
"10/10/2016",1260.4
"10/11/2016",1255.9
"10/12/2016",1253.8
"10/13/2016",1257.6
"10/14/2016",1255.5
"10/17/2016",1256.6
"10/18/2016",1262.9
"10/19/2016",1269.9
"10/20/2016",1267.5
"10/21/2016",1267.7
"10/24/2016",1263.7
"10/25/2016",1273.6
"10/26/2016",1266.6
"10/27/2016",1269.5
"10/28/2016",1276.8
"10/31/2016",1273.1
"11/01/2016",1288
"11/02/2016",1308.2
"11/03/2016",1303.3
"11/04/2016",1304.5
"11/07/2016",1279.4
"11/08/2016",1274.5
"11/09/2016",1273.5
"11/10/2016",1266.4
"11/11/2016",1224.3
"11/14/2016",1221.7
"11/15/2016",1224.5
"11/16/2016",1223.9
"11/17/2016",1216.9
"11/18/2016",1208.7
"11/21/2016",1209.8
"11/22/2016",1214.1
"11/23/2016",1192.4
"11/24/2016",1183.6
"11/25/2016",1181
"11/28/2016",1193.8
"11/29/2016",1190.8
"11/30/2016",1173.9
"12/01/2016",1169.4
"12/02/2016",1177.8
"12/05/2016",1176.5
"12/06/2016",1170.1
"12/07/2016",1177.5
"12/08/2016",1172.4
"12/09/2016",1161.9
"12/12/2016",1165.8
"12/13/2016",1159
"12/14/2016",1163.7
"12/15/2016",1129.8
"12/16/2016",1137.4
"12/19/2016",1142.7
"12/20/2016",1133.6
"12/21/2016",1133.2
"12/22/2016",1130.7
"12/23/2016",1133.6
"12/27/2016",1138.8
"12/28/2016",1140.9
"12/29/2016",1158.1
"12/30/2016",1151.7
"01/03/2017",1162
"01/04/2017",1165.3
"01/05/2017",1181.3
"01/06/2017",1173.4
"01/09/2017",1184.9
"01/10/2017",1185.5
"01/11/2017",1196.6
"01/12/2017",1199.8
"01/13/2017",1196.2
"01/16/2017",1202.6
"01/17/2017",1212.9
"01/18/2017",1212.1
"01/19/2017",1201.5
"01/20/2017",1204.9
"01/23/2017",1218.5
"01/24/2017",1213.6
"01/25/2017",1200.5
"01/26/2017",1192.5
"01/27/2017",1191.1
"01/30/2017",1196
"01/31/2017",1211.4
"02/01/2017",1208.3
"02/02/2017",1219.4
"02/03/2017",1220.8
"02/06/2017",1232.1
"02/07/2017",1236.1
"02/08/2017",1239.5
"02/09/2017",1236.8
"02/10/2017",1235.9
"02/13/2017",1225.8
"02/14/2017",1225.4
"02/15/2017",1233.1
"02/16/2017",1241.6
"02/17/2017",1239.1
"02/20/2017",1238.5
"02/21/2017",1238.9
"02/22/2017",1233.3
"02/23/2017",1251.4
"02/24/2017",1258.3
"02/27/2017",1258.8
"02/28/2017",1253.9
"03/01/2017",1250
"03/02/2017",1232.9
"03/03/2017",1226.5
"03/06/2017",1225.5
"03/07/2017",1216.1
"03/08/2017",1209.4
"03/09/2017",1203.2
"03/10/2017",1201.4
"03/13/2017",1203.1
"03/14/2017",1202.6
"03/15/2017",1200.7
"03/16/2017",1227.1
"03/17/2017",1230.2
"03/20/2017",1234
"03/21/2017",1249.6
"03/22/2017",1252.8
"03/23/2017",1250.1
"03/24/2017",1251.7
"03/27/2017",1258.8
"03/28/2017",1258.8
"03/29/2017",1256.8
"03/30/2017",1248
"03/31/2017",1251.2
"04/03/2017",1254
"04/04/2017",1258.4
"04/05/2017",1248.5
"04/06/2017",1253.3
"04/07/2017",1257.3
"04/10/2017",1253.9
"04/11/2017",1274.2
"04/12/2017",1278.1
"04/13/2017",1288.5
"04/17/2017",1291.9
"04/18/2017",1294.1
"04/19/2017",1283.4
"04/20/2017",1283.8
"04/21/2017",1289.1
"04/24/2017",1277.5
"04/25/2017",1267.2
"04/26/2017",1264.2
"04/27/2017",1265.9
"04/28/2017",1268.3
"05/01/2017",1255.5
"05/02/2017",1257
"05/03/2017",1248.5
"05/04/2017",1228.6
"05/05/2017",1226.9
"05/08/2017",1227.1
"05/09/2017",1216.1
"05/10/2017",1218.9
"05/11/2017",1224.2
"05/12/2017",1227.7
"05/15/2017",1230
"05/16/2017",1236.4
"05/17/2017",1258.7
"05/18/2017",1252.8
"05/19/2017",1253.6
"05/22/2017",1261.4
"05/23/2017",1258.9
"05/24/2017",1256.5
"05/25/2017",1259.8
"05/26/2017",1271.4
"05/29/2017",1269.9
"05/30/2017",1265.7
"05/31/2017",1275.4
"06/01/2017",1270.1
"06/02/2017",1280.2
"06/05/2017",1282.7
"06/06/2017",1297.5
"06/07/2017",1293.2
"06/08/2017",1279.5
"06/09/2017",1271.4
"06/12/2017",1268.9
"06/13/2017",1268.6
"06/14/2017",1275.9
"06/15/2017",1254.6
"06/16/2017",1256.5
"06/19/2017",1246.7
"06/20/2017",1243.5
"06/21/2017",1245.8
"06/22/2017",1249.4
"06/23/2017",1256.4
"06/26/2017",1246.4
"06/27/2017",1246.9
"06/28/2017",1249.1
"06/29/2017",1245.8
"06/30/2017",1242.3
"07/03/2017",1219.2
"07/04/2017",1223
"07/05/2017",1221.7
"07/06/2017",1223.3
"07/07/2017",1209.7
"07/10/2017",1213.2
"07/11/2017",1214.7
"07/12/2017",1219.1
"07/13/2017",1217.3
"07/14/2017",1227.5
"07/17/2017",1233.7
"07/18/2017",1241.9
"07/19/2017",1248.8
"07/20/2017",1252.1
"07/21/2017",1261
"07/24/2017",1260.7
"07/25/2017",1258.5
"07/26/2017",1255.6
"07/27/2017",1266.5
"07/28/2017",1275.3
"07/31/2017",1273.4
"08/01/2017",1279.4
"08/02/2017",1278.4
"08/03/2017",1274.4
"08/04/2017",1264.6
"08/07/2017",1264.7
"08/08/2017",1262.6
"08/09/2017",1279.3
"08/10/2017",1290.1
"08/11/2017",1294
"08/14/2017",1290.4
"08/15/2017",1279.7
"08/16/2017",1282.9
"08/17/2017",1292.4
"08/18/2017",1291.6
"08/21/2017",1296.7
"08/22/2017",1291
"08/23/2017",1294.7
"08/24/2017",1292
"08/25/2017",1297.9
"08/28/2017",1315.3
"08/29/2017",1318.9
"08/30/2017",1314.1
"08/31/2017",1322.2
"09/01/2017",1330.4
"09/04/2017",1339.4
"09/05/2017",1344.5
"09/06/2017",1339
"09/07/2017",1350.3
"09/08/2017",1351.2
"09/11/2017",1335.7
"09/12/2017",1332.7
"09/13/2017",1328
"09/14/2017",1329.3
"09/15/2017",1325.2
"09/18/2017",1310.8
"09/19/2017",1310.6
"09/20/2017",1316.4
"09/21/2017",1294.8
"09/22/2017",1297.5
"09/25/2017",1311.5
"09/26/2017",1301.7
"09/27/2017",1287.8
"09/28/2017",1288.7
"09/29/2017",1284.8
"10/02/2017",1275.8
"10/03/2017",1274.6
"10/04/2017",1276.8
"10/05/2017",1273.2
"10/06/2017",1274.9
"10/09/2017",1285
"10/10/2017",1293.8
"10/11/2017",1288.9
"10/12/2017",1296.5
"10/13/2017",1304.6
"10/16/2017",1303
"10/17/2017",1286.2
"10/18/2017",1283
"10/19/2017",1290
"10/20/2017",1280.5
"10/23/2017",1280.9
"10/24/2017",1278.3
"10/25/2017",1279
"10/26/2017",1269.6
"10/27/2017",1271.8
"10/30/2017",1277.7
"10/31/2017",1270.5
"11/01/2017",1277.3
"11/02/2017",1278.1
"11/03/2017",1269.2
"11/06/2017",1281.6
"11/07/2017",1275.8
"11/08/2017",1283.7
"11/09/2017",1287.5
"11/10/2017",1274.2
"11/13/2017",1278.9
"11/14/2017",1282.9
"11/15/2017",1277.7
"11/16/2017",1278.2
"11/17/2017",1283.85
"11/20/2017",1292.35
"11/21/2017",1280
"11/22/2017",1283.95
"11/23/2017",1290.15
"11/24/2017",1289.15
"11/27/2017",1294.7
"11/28/2017",1293.9
"11/29/2017",1294.85
"11/30/2017",1282.15
"12/01/2017",1277.25
"12/04/2017",1279.1
"12/05/2017",1275.9
"12/06/2017",1268.55
"12/07/2017",1256.8
"12/08/2017",1245.85
"12/11/2017",1251.4
"12/12/2017",1243.4
"12/13/2017",1241.6
"12/14/2017",1255.6
"12/15/2017",1257.25
"12/18/2017",1258.65
"12/19/2017",1263.1
"12/20/2017",1265.95
"12/21/2017",1265.85
"12/22/2017",1268.05
"12/27/2017",1285.4
"12/28/2017",1291.6
"12/29/2017",1296.5
"01/02/2018",1312.8
"01/03/2018",1314.6
"01/04/2018",1313.7
"01/05/2018",1317.9
"01/08/2018",1318.8
"01/09/2018",1314.95
"01/10/2018",1321.65
"01/11/2018",1319.85
"01/12/2018",1332.9
"01/15/2018",1343
"01/16/2018",1334.95
"01/17/2018",1337.35
"01/18/2018",1329.75
"01/19/2018",1335.8
"01/22/2018",1334.15
"01/23/2018",1337.1
"01/24/2018",1350.5
"01/25/2018",1360.25
"01/26/2018",1354.35
"01/29/2018",1348.4
"01/30/2018",1345.7
"01/31/2018",1343.35
"02/01/2018",1341.1
"02/02/2018",1345
"02/05/2018",1337.1
"02/06/2018",1344.65
"02/07/2018",1328.5
"02/08/2018",1311.05
"02/09/2018",1316.05
"02/12/2018",1321.7
"02/13/2018",1329.4
"02/14/2018",1330.75
"02/15/2018",1353.7
"02/16/2018",1358.6
"02/19/2018",1347.4
"02/20/2018",1337.4
"02/21/2018",1328.6
"02/22/2018",1323.5
"02/23/2018",1328.9
"02/26/2018",1339.05
"02/27/2018",1332.75
"02/28/2018",1320.3
"03/01/2018",1311.25
"03/02/2018",1316.75
"03/05/2018",1326.3
"03/06/2018",1324.95
"03/07/2018",1332.5
"03/08/2018",1325.4
"03/09/2018",1319.35
"03/12/2018",1317.25
"03/13/2018",1318.7
"03/14/2018",1324.95
"03/15/2018",1323.35
"03/16/2018",1320.05
"03/19/2018",1311.7
"03/20/2018",1312.75
"03/21/2018",1316.35
"03/22/2018",1328.85
"03/23/2018",1342.35
"03/26/2018",1348.4
"03/27/2018",1350.65
"03/28/2018",1341.05
"03/29/2018",1323.9
"04/03/2018",1336.6
"04/04/2018",1343.15
"04/05/2018",1327.05
"04/06/2018",1325.6
"04/09/2018",1328.5
"04/10/2018",1335.95
"04/11/2018",1345.2
"04/12/2018",1345.9
"04/13/2018",1340.75
"04/16/2018",1344.4
"04/17/2018",1342.95
"04/18/2018",1346.55
"04/19/2018",1347.9
"04/20/2018",1340.15
"04/23/2018",1328
"04/24/2018",1327.35
"04/25/2018",1325.7
"04/26/2018",1321.9
"04/27/2018",1317.7
"04/30/2018",1316.25
"05/01/2018",1309.2
"05/02/2018",1310.75
"05/03/2018",1313.3
"05/04/2018",1309.35
"05/08/2018",1310.05
"05/09/2018",1306.85
"05/10/2018",1314.8
"05/11/2018",1324.8
"05/14/2018",1320.7
"05/15/2018",1310.05
"05/16/2018",1291.75
"05/17/2018",1288.85
"05/18/2018",1287.2
"05/21/2018",1285.85
"05/22/2018",1293.9
"05/23/2018",1294
"05/24/2018",1296.35
"05/25/2018",1303.95
"05/29/2018",1302.05
"05/30/2018",1298.6
"05/31/2018",1303.5
"06/01/2018",1299.15
"06/04/2018",1294.65
"06/05/2018",1292.25
"06/06/2018",1295.25
"06/07/2018",1298.3
"06/08/2018",1299.2
"06/11/2018",1296.05
"06/12/2018",1298.3
"06/13/2018",1294.4
"06/14/2018",1305.3
"06/15/2018",1300.1
"06/18/2018",1281.25
"06/19/2018",1279
"06/20/2018",1273.25
"06/21/2018",1263.7
"06/22/2018",1269.7
"06/25/2018",1269.8
"06/26/2018",1257.15
"06/27/2018",1256.8
"06/28/2018",1250.5
"06/29/2018",1250.55
"07/02/2018",1249
"07/03/2018",1245.85
"07/04/2018",1256.9
"07/05/2018",1252.5
"07/06/2018",1254.2
"07/09/2018",1262.6
"07/10/2018",1253.7
"07/11/2018",1250
"07/12/2018",1244.85
"07/13/2018",1240.5
"07/16/2018",1244.9
"07/17/2018",1243.65
"07/18/2018",1223.45
"07/19/2018",1217.4
"07/20/2018",1224.85
"07/23/2018",1229.45
"07/24/2018",1224.3
"07/25/2018",1230.55
"07/26/2018",1228.35
"07/27/2018",1219.15
"07/30/2018",1222.05
"07/31/2018",1219.2
"08/01/2018",1222.75
"08/02/2018",1217.6
"08/03/2018",1207.7
"08/06/2018",1212
"08/07/2018",1215.4
"08/08/2018",1212.35
"08/09/2018",1215.5
"08/10/2018",1211.65
"08/13/2018",1204.4
"08/14/2018",1195.3
"08/15/2018",1186.7
"08/16/2018",1179.65
"08/17/2018",1176.7
"08/20/2018",1188.75
"08/21/2018",1194.1
"08/22/2018",1196.85
"08/23/2018",1187.3
"08/24/2018",1189.95
"08/28/2018",1212.75
"08/29/2018",1204.3
"08/30/2018",1202.35
"08/31/2018",1206.85
"09/03/2018",1201.7
"09/04/2018",1195.75
"09/05/2018",1194.7
"09/06/2018",1204.3
"09/07/2018",1200.75
"09/10/2018",1195.8
"09/11/2018",1194
"09/12/2018",1197.8
"09/13/2018",1206.65
"09/14/2018",1206.2
"09/17/2018",1196.8
"09/18/2018",1199.4
"09/19/2018",1203
"09/20/2018",1203
"09/21/2018",1207.6
"09/24/2018",1198.75
"09/25/2018",1199.45
"09/26/2018",1198.8
"09/27/2018",1196
"09/28/2018",1183.5
"10/01/2018",1185.3
"10/02/2018",1192.65
"10/03/2018",1203.5
"10/04/2018",1199.45
"10/05/2018",1201.1
"10/08/2018",1194.8
"10/09/2018",1187.4
"10/10/2018",1186.4
"10/11/2018",1201.1
"10/12/2018",1218.75
"10/15/2018",1233
"10/16/2018",1228.85
"10/17/2018",1226.75
"10/18/2018",1224.6
"10/19/2018",1228.25
"10/22/2018",1222.9
"10/23/2018",1235.6
"10/24/2018",1231.65
"10/25/2018",1232.15
"10/26/2018",1236.05
"10/29/2018",1230.75
"10/30/2018",1220
"10/31/2018",1217.7
"11/01/2018",1223.25
"11/02/2018",1235.5
"11/05/2018",1231.6
"11/06/2018",1234.85
"11/07/2018",1235.05
"11/08/2018",1223.45
"11/09/2018",1219.05
"11/12/2018",1207.05
"11/13/2018",1197.55
"11/14/2018",1201.45
"11/15/2018",1210.6
"11/16/2018",1215.8
"11/19/2018",1223.55
"11/20/2018",1223.1
"11/21/2018",1224
"11/22/2018",1228.25
"11/23/2018",1222.15
"11/26/2018",1226.65
"11/27/2018",1225.05
"11/28/2018",1213.2
"11/29/2018",1226.45
"11/30/2018",1220.45
"12/03/2018",1231.05
"12/04/2018",1239.25
"12/05/2018",1236.15
"12/06/2018",1236.45
"12/07/2018",1241.2
"12/10/2018",1246.8
"12/11/2018",1248.25
"12/12/2018",1244.75
"12/13/2018",1244.45
"12/14/2018",1239.15
"12/17/2018",1239.1
"12/18/2018",1248.8
"12/19/2018",1248.6
"12/20/2018",1255
"12/21/2018",1257.6
"12/24/2018",1261.25
"12/27/2018",1271.1
"12/28/2018",1277.25
"12/31/2018",1281.65
"01/02/2019",1287.2
"01/03/2019",1287.95
"01/04/2019",1290.35
"01/07/2019",1291.5
"01/08/2019",1283.9
"01/09/2019",1281.3
"01/10/2019",1292.4
"01/11/2019",1292.8
"01/14/2019",1293.7
"01/15/2019",1289.35
"01/16/2019",1290.5
"01/17/2019",1294
"01/18/2019",1285.05
"01/21/2019",1278.7
"01/22/2019",1284.75
"01/23/2019",1284.9
"01/24/2019",1279.75
"01/25/2019",1282.95
"01/28/2019",1301
"01/29/2019",1308.35
"01/30/2019",1312.95
"01/31/2019",1322.5
"02/01/2019",1320.75
"02/04/2019",1311
"02/05/2019",1314
"02/06/2019",1313.35
"02/07/2019",1306.6
"02/08/2019",1311.1
"02/11/2019",1306.75
"02/12/2019",1311.6
"02/13/2019",1311.15
"02/14/2019",1305.65
"02/15/2019",1318
"02/18/2019",1323.95
"02/19/2019",1329.55
"02/20/2019",1345.75
"02/21/2019",1335.05
"02/22/2019",1322.25
"02/25/2019",1329.15
"02/26/2019",1327.55
"02/27/2019",1326.45
"02/28/2019",1325.45
"03/01/2019",1309.95
"03/04/2019",1287.45
"03/05/2019",1285
"03/06/2019",1285.55
"03/07/2019",1286.4
"03/08/2019",1294.1
"03/11/2019",1296.35
"03/12/2019",1296.95
"03/13/2019",1308.4
"03/14/2019",1299.2
"03/15/2019",1302.65
"03/18/2019",1305.35
"03/19/2019",1308.35
"03/20/2019",1303
"03/21/2019",1317.3
"03/22/2019",1311.1
"03/25/2019",1319.35
"03/26/2019",1315.25
"03/27/2019",1318.25
"03/28/2019",1306.9
"03/29/2019",1291.15
"04/01/2019",1291.9
"04/02/2019",1287.2
"04/03/2019",1291.85
"04/04/2019",1291.6
"04/05/2019",1288.9
"04/08/2019",1297.1
"04/09/2019",1301.85
"04/10/2019",1304.8
"04/11/2019",1304.65
"04/12/2019",1296.15
"04/15/2019",1286.75
"04/16/2019",1283.75
"04/17/2019",1276.1
"04/18/2019",1276.5
"04/23/2019",1273.45
"04/24/2019",1273.8
"04/25/2019",1277.85
"04/26/2019",1281.5
"04/29/2019",1282.15
"04/30/2019",1285.15
"05/01/2019",1281.8
"05/02/2019",1271.45
"05/03/2019",1270.05
"05/07/2019",1281.3
"05/08/2019",1287.75
"05/09/2019",1284.1
"05/10/2019",1285.4
"05/13/2019",1282.95
"05/14/2019",1297.6
"05/15/2019",1298.9
"05/16/2019",1295.55
"05/17/2019",1285.8
"05/20/2019",1275.25
"05/21/2019",1276
"05/22/2019",1274
"05/23/2019",1275.95
"05/24/2019",1281.5
"05/28/2019",1283.9
"05/29/2019",1283.5
"05/30/2019",1276.45
"05/31/2019",1296
"06/03/2019",1313.95
"06/04/2019",1323.6
"06/05/2019",1337.75
"06/06/2019",1336.65
"06/07/2019",1334.3
"06/10/2019",1328.6
"06/11/2019",1322.65
"06/12/2019",1336.65
"06/13/2019",1335.8
"06/14/2019",1352.45
"06/17/2019",1333.2
"06/18/2019",1344.55
"06/19/2019",1342.4
"06/20/2019",1381.65
"06/21/2019",1388.35
"06/24/2019",1405.45
"06/25/2019",1429.55
"06/26/2019",1406.75
"06/27/2019",1402.25
"06/28/2019",1413.2
"07/01/2019",1390.05
"07/02/2019",1393.1
"07/03/2019",1425.1
"07/04/2019",1415.25
"07/05/2019",1414.4
"07/08/2019",1404.9
"07/09/2019",1387.9
"07/10/2019",1395.45
"07/11/2019",1423.1
"07/12/2019",1405.6
"07/15/2019",1416.25
"07/16/2019",1416.1
"07/17/2019",1400.8
"07/18/2019",1420.9
"07/19/2019",1437.05
"07/22/2019",1424.45
"07/23/2019",1417.55
"07/24/2019",1425.55
"07/25/2019",1426.35
"07/26/2019",1418.25
"07/29/2019",1418.95
"07/30/2019",1428.45
"07/31/2019",1430.55
"08/01/2019",1406.4
"08/02/2019",1436.05
"08/05/2019",1457.45
"08/06/2019",1461.85
"08/07/2019",1487.65
"08/08/2019",1497.4
"08/09/2019",1503.5
"08/12/2019",1501.95
"08/13/2019",1527.2
"08/14/2019",1500.35
"08/15/2019",1517.65
"08/16/2019",1509.05
"08/19/2019",1499.35
"08/20/2019",1502.65
"08/21/2019",1499.65
"08/22/2019",1498.7
"08/23/2019",1495.5
"08/27/2019",1531.85
"08/28/2019",1541.75
"08/29/2019",1536.65
"08/30/2019",1526.55
"09/02/2019",1523.35
"09/03/2019",1532.45
"09/04/2019",1538.8
"09/05/2019",1542.6
"09/06/2019",1504.95
"09/09/2019",1509.95
"09/10/2019",1494.6
"09/11/2019",1493.65
"09/12/2019",1502.95
"09/13/2019",1506.3
"09/16/2019",1502.05
"09/17/2019",1499.3
"09/18/2019",1502.2
"09/19/2019",1498.4
"09/20/2019",1504.1
"09/23/2019",1519.5
"09/24/2019",1520.25
"09/25/2019",1530.85
"09/26/2019",1507.05
"09/27/2019",1496.15
"09/30/2019",1487.6
"10/01/2019",1466.1
"10/02/2019",1484.05
"10/03/2019",1504
"10/04/2019",1509.5
"10/07/2019",1502.15
"10/08/2019",1500
"10/09/2019",1503.4
"10/10/2019",1508.2
"10/11/2019",1498.35
"10/14/2019",1494.2
"10/15/2019",1494.75
"10/16/2019",1482.55
"10/17/2019",1484.45
"10/21/2019",1490.85
"10/22/2019",1487.45
"10/23/2019",1494.25
"10/24/2019",1488.85
"10/25/2019",1504.65
"10/28/2019",1505.05
"10/29/2019",1492.75
"10/30/2019",1490.15
"10/31/2019",1506.4
"11/01/2019",1509.85
"11/04/2019",1509.2
"11/05/2019",1504.6
"11/06/2019",1488.55
"11/07/2019",1484.1
"11/08/2019",1466.85
"11/11/2019",1465.5
"11/12/2019",1455
"11/13/2019",1463.45
"11/14/2019",1467.65
"11/15/2019",1465.6
"11/18/2019",1458.4
"11/19/2019",1464.9
"11/20/2019",1475.7
"11/21/2019",1468.9
"11/22/2019",1471.3
"11/25/2019",1459.45
"11/26/2019",1457.65
"11/27/2019",1459.8
"11/28/2019",1457.55
"11/29/2019",1456.35
"12/02/2019",1457.5
"12/03/2019",1470.4
"12/04/2019",1475.85
"12/05/2019",1474.6
"12/06/2019",1474.85
"12/09/2019",1463.6
"12/10/2019",1464.45
"12/11/2019",1468.05
"12/12/2019",1474.7
"12/13/2019",1470.6
"12/16/2019",1477.4
"12/17/2019",1478.4
"12/18/2019",1478.9
"12/19/2019",1474.4
"12/20/2019",1476.9
"12/23/2019",1483.95
"12/24/2019",1490.85
"12/27/2019",1510.6
"12/30/2019",1511.5
"12/31/2019",1523
"01/02/2020",1520.55
"01/03/2020",1547.4
"01/06/2020",1576.85
"01/07/2020",1566.5
"01/08/2020",1582.85
"01/09/2020",1547.85
"01/10/2020",1548.8
"01/13/2020",1550.35
"01/14/2020",1544.95
"01/15/2020",1551.9
"01/16/2020",1555.2
"01/17/2020",1556.5
"01/20/2020",1559.25
"01/21/2020",1556.25
"01/22/2020",1558.1
"01/23/2020",1554.05
"01/24/2020",1561.85
"01/27/2020",1583.45
"01/28/2020",1579.6
"01/29/2020",1571.2
"01/30/2020",1580.4
"01/31/2020",1580.85
"02/03/2020",1578.85
"02/04/2020",1571.2
"02/05/2020",1552.2
"02/06/2020",1564.75
"02/10/2020",1574.05
"02/11/2020",1567.7
"02/12/2020",1566.75
"02/13/2020",1575
"02/14/2020",1576.35
"02/17/2020",1580.3
"02/18/2020",1588.2
"02/19/2020",1609.5
"02/20/2020",1610.35
"02/21/2020",1633.7
"02/24/2020",1682.35
"02/25/2020",1655.9
"02/26/2020",1647.95
"02/27/2020",1646.6
"02/28/2020",1626.35
"03/02/2020",1609.7
"03/03/2020",1599.05
"03/04/2020",1644.8
"03/05/2020",1647.45
"03/06/2020",1687
"03/09/2020",1676.6
"03/10/2020",1657.4
"03/11/2020",1662.5
"03/12/2020",1636.65
"03/13/2020",1588.15
"03/16/2020",1504.65
"03/17/2020",1472.35
"03/18/2020",1506
"03/19/2020",1480.7
"03/20/2020",1504.45
"03/23/2020",1494.5
"03/24/2020",1599.5
"03/25/2020",1620.95
"03/26/2020",1620.1
"03/27/2020",1621.2
"03/30/2020",1624.45
"03/31/2020",1604.65
"04/01/2020",1594.25
"04/02/2020",1588.05
"04/03/2020",1609.75
"04/06/2020",1636.6
"04/07/2020",1652.2
"04/08/2020",1649.05
"04/09/2020",1662.5
"04/14/2020",1715.85
"04/15/2020",1712.25
"04/16/2020",1717.85
"04/17/2020",1693.15
"04/20/2020",1684.95
"04/21/2020",1678.6
"04/22/2020",1702.65
"04/23/2020",1727.55
"04/24/2020",1727.25
"04/27/2020",1717.25
"04/28/2020",1708.1
"04/29/2020",1706
"04/30/2020",1716.75
"05/01/2020",1673.05
"05/04/2020",1703.7
"05/05/2020",1696.3
"05/06/2020",1698.9
"05/07/2020",1688.65
"05/11/2020",1698.8
"05/12/2020",1703.45
"05/13/2020",1699.85
"05/14/2020",1716.4
"05/15/2020",1734.85
"05/18/2020",1756.9
"05/19/2020",1735.25
"05/20/2020",1750.05
"05/21/2020",1732.8
"05/22/2020",1732.45
"05/26/2020",1722.75
"05/27/2020",1705.15
"05/28/2020",1723.3
"05/29/2020",1725.65
"06/01/2020",1734.8
"06/02/2020",1740.25
"06/03/2020",1717.6
"06/04/2020",1706.45
"06/05/2020",1709.55
"06/08/2020",1692
"06/09/2020",1707.5
"06/10/2020",1717.65
"06/11/2020",1731.9
"06/12/2020",1735.85
"06/15/2020",1710.4
"06/16/2020",1728.35
"06/17/2020",1717.3
"06/18/2020",1732.65
"06/19/2020",1728.55
"06/22/2020",1745.45
"06/23/2020",1756.6
"06/24/2020",1775.7
"06/25/2020",1758.55
"06/26/2020",1762.1
"06/29/2020",1768.8
"06/30/2020",1770.7
"07/01/2020",1787.4
"07/02/2020",1771.85
"07/03/2020",1774.65
"07/06/2020",1774.4
"07/07/2020",1775.5
"07/08/2020",1799.35
"07/09/2020",1812.45
"07/10/2020",1805.75
"07/13/2020",1814.1
"07/14/2020",1813.4
"07/15/2020",1813.8
"07/16/2020",1800.3
"07/17/2020",1810
"07/20/2020",1817.4
"07/21/2020",1843.9
"07/22/2020",1865.1
"07/23/2020",1890
"07/24/2020",1897.5
"07/27/2020",1931
"07/28/2020",1946.24
"07/29/2020",1958.16
"07/30/2020",1950.04
"07/31/2020",1971.68
"08/03/2020",1974.7
"08/04/2020",2008.5
"08/05/2020",2037.1
"08/06/2020",2058.4
"08/07/2020",2018
"08/10/2020",2030.3
"08/11/2020",1938.9
"08/12/2020",1940.5
"08/13/2020",1961.9
"08/14/2020",1942.3
"08/17/2020",1989.9
"08/18/2020",2004.8
"08/19/2020",1963.5
"08/20/2020",1938.3
"08/21/2020",1938.3
"08/24/2020",1931.5
"08/25/2020",1915.6
"08/26/2020",1944.1
"08/27/2020",1925
"08/28/2020",1966.8
"08/31/2020",1970.5
"09/01/2020",1970.8
"09/02/2020",1936.9
"09/03/2020",1930.2
"09/04/2020",1926.2
"09/07/2020",1928.4
"09/08/2020",1935.1
"09/09/2020",1946.8
"09/10/2020",1956
"09/11/2020",1939.5
"09/14/2020",1954.7
"09/15/2020",1958
"09/16/2020",1962
"09/17/2020",1941.3
"09/18/2020",1953.2
"09/21/2020",1902.1
"09/22/2020",1899.3
"09/23/2020",1860.5
"09/24/2020",1868.9
"09/25/2020",1859.5
"09/28/2020",1876.6
"09/29/2020",1899.64
"09/30/2020",1893.9
"10/01/2020",1916.3
"10/02/2020",1907.6
"10/05/2020",1920.1
"10/06/2020",1908.8
"10/07/2020",1890.8
"10/08/2020",1895.1
"10/09/2020",1926.2
"10/12/2020",1928.9
"10/13/2020",1894.6
"10/14/2020",1907.3
"10/15/2020",1908.9
"10/16/2020",1906.4
"10/19/2020",1911.7
"10/20/2020",1915.4
"10/21/2020",1929.5
"10/22/2020",1904.6
"10/23/2020",1905.2
"10/26/2020",1905.7
"10/27/2020",1911.9
"10/28/2020",1879.2
"10/29/2020",1868
"10/30/2020",1879.9
"11/02/2020",1892.5
"11/03/2020",1910.4
"11/04/2020",1896.2
"11/05/2020",1946.8
"11/06/2020",1951.7
"11/09/2020",1854.4
"11/10/2020",1876.4
"11/11/2020",1861.6
"11/12/2020",1873.3
"11/13/2020",1886.2
"11/16/2020",1887.8
"11/17/2020",1885.1
"11/18/2020",1873.9
"11/19/2020",1861.5
"11/20/2020",1872.4
"11/23/2020",1837.8
"11/24/2020",1805.86
"11/25/2020",1807.78
"11/27/2020",1785.62
"11/30/2020",1779.86
"12/01/2020",1818.9
"12/02/2020",1830.2
"12/03/2020",1841.1
"12/04/2020",1840
"12/07/2020",1866
"12/08/2020",1874.9
"12/09/2020",1838.5
"12/10/2020",1837.4
"12/11/2020",1843.6
"12/14/2020",1832.1
"12/15/2020",1855.3
"12/16/2020",1859.1
"12/17/2020",1890.4
"12/18/2020",1888.9
"12/21/2020",1882.8
"12/22/2020",1870.3
"12/23/2020",1878.1
"12/24/2020",1883.2
"12/28/2020",1880.4
"12/29/2020",1882.9
"12/30/2020",1893.4
"12/31/2020",1895.1
"01/04/2021",1946.6
"01/05/2021",1954.4
"01/06/2021",1908.6
"01/07/2021",1913.6
"01/08/2021",1835.4
"01/11/2021",1850.8
"01/12/2021",1844.2
"01/13/2021",1854.9
"01/14/2021",1851.4
"01/15/2021",1829.9
"01/19/2021",1840.2
"01/20/2021",1866.5
"01/21/2021",1865.9
"01/22/2021",1856.2
"01/25/2021",1855.2
"01/26/2021",1851.68
"01/27/2021",1846.5
"01/28/2021",1839.88
"01/29/2021",1849.7
"02/01/2021",1863.9
"02/02/2021",1833.4
"02/03/2021",1835.1
"02/04/2021",1791.2
"02/05/2021",1813
"02/08/2021",1834.2
"02/09/2021",1837.5
"02/10/2021",1842.7
"02/11/2021",1826.8
"02/12/2021",1823.2
"02/16/2021",1799
"02/17/2021",1772.8
"02/18/2021",1775
"02/19/2021",1777.4
"02/22/2021",1808.4
"02/23/2021",1805.9
"02/24/2021",1797.9
"02/25/2021",1775.4
"02/26/2021",1728.8
"03/01/2021",1723
"03/02/2021",1733.6
"03/03/2021",1715.8
"03/04/2021",1700.7
"03/05/2021",1698.5
"03/08/2021",1678
"03/09/2021",1716.9
"03/10/2021",1721.8
"03/11/2021",1722.6
"03/12/2021",1719.8
"03/15/2021",1729.2
"03/16/2021",1730.9
"03/17/2021",1727.1
"03/18/2021",1732.5
"03/19/2021",1741.7
"03/22/2021",1738.1
"03/23/2021",1725.1
"03/24/2021",1733.2
"03/25/2021",1725.1
"03/26/2021",1732.78
"03/29/2021",1713.16
"03/30/2021",1685.16
"03/31/2021",1715.24
"04/01/2021",1728.4
"04/05/2021",1728.8
"04/06/2021",1743
"04/07/2021",1741.6
"04/08/2021",1758.2
"04/09/2021",1744.8
"04/12/2021",1732.7
"04/13/2021",1747.6
"04/14/2021",1736.3
"04/15/2021",1766.8
"04/16/2021",1780.2
"04/19/2021",1770.6
"04/20/2021",1778.4
"04/21/2021",1793.1
"04/22/2021",1782
"04/23/2021",1777.8
"04/26/2021",1780.1
"04/27/2021",1778.8
"04/28/2021",1773.9
"04/29/2021",1768.3
"04/30/2021",1767.7
"05/03/2021",1791.8
"05/04/2021",1776
"05/05/2021",1784.3
"05/06/2021",1815.7
"05/07/2021",1831.3
"05/10/2021",1837.6
"05/11/2021",1836.1
"05/12/2021",1822.8
"05/13/2021",1824
"05/14/2021",1838.1
"05/17/2021",1867.6
"05/18/2021",1868
"05/19/2021",1881.5
"05/20/2021",1881.9
"05/21/2021",1876.7
"05/24/2021",1884.5
"05/25/2021",1898.5
"05/26/2021",1902.24
"05/27/2021",1897.38
"05/28/2021",1904.74
"06/01/2021",1905
"06/02/2021",1909.9
"06/03/2021",1873.3
"06/04/2021",1892
"06/07/2021",1898.8
"06/08/2021",1894.4
"06/09/2021",1895.5
"06/10/2021",1896.4
"06/11/2021",1879.6
"06/14/2021",1865.9
"06/15/2021",1856.4
"06/16/2021",1861.4
"06/17/2021",1774.8
"06/18/2021",1769
"06/21/2021",1782.9
"06/22/2021",1777.4
"06/23/2021",1783.4
"06/24/2021",1776.7
"06/25/2021",1777.8
"06/28/2021",1780.7
"06/29/2021",1763.6
"06/30/2021",1771.6
"07/01/2021",1776.8
"07/02/2021",1783.3
"07/06/2021",1794.2
"07/07/2021",1802.1
"07/08/2021",1800.2
"07/09/2021",1810.6
"07/12/2021",1805.9
"07/13/2021",1809.9
"07/14/2021",1825
"07/15/2021",1829
"07/16/2021",1815
"07/19/2021",1809.2
"07/20/2021",1811.4
"07/21/2021",1803.4
"07/22/2021",1805.4
"07/23/2021",1801.8
"07/26/2021",1799.2
"07/27/2021",1800.18
"07/28/2021",1800.54
"07/29/2021",1832.4
"07/30/2021",1814.12
"08/02/2021",1819.8
"08/03/2021",1811.7
"08/04/2021",1812.2
"08/05/2021",1806.6
"08/06/2021",1761.1
"08/09/2021",1724.4
"08/10/2021",1729.7
"08/11/2021",1751.2
"08/12/2021",1749.8
"08/13/2021",1776
"08/16/2021",1787.6
"08/17/2021",1785.7
"08/18/2021",1782.3
"08/19/2021",1780.9
"08/20/2021",1781.8
"08/23/2021",1804
"08/24/2021",1806.3
"08/25/2021",1788.8
"08/26/2021",1793
"08/27/2021",1817.2
"08/30/2021",1809.8
"08/31/2021",1815.8
"09/01/2021",1813.8
"09/02/2021",1809.4
"09/03/2021",1831.5
"09/06/2021",1831.5
"09/07/2021",1796.3
"09/08/2021",1791.2
"09/09/2021",1797.8
"09/10/2021",1789.9
"09/13/2021",1792.3
"09/14/2021",1805
"09/15/2021",1792.6
"09/16/2021",1754.6
"09/17/2021",1749.4
"09/20/2021",1761.8
"09/21/2021",1776.1
"09/22/2021",1776.7
"09/23/2021",1747.7
"09/24/2021",1749.7
"09/27/2021",1750.4
"09/28/2021",1736.54
"09/29/2021",1722.34
"09/30/2021",1756.66
"10/01/2021",1758.4
"10/04/2021",1767.6
"10/05/2021",1760.9
"10/06/2021",1761.8
"10/07/2021",1759.2
"10/08/2021",1757.4
"10/11/2021",1755.7
"10/12/2021",1759.3
"10/13/2021",1794.7
"10/14/2021",1797.9
"10/15/2021",1768.3
"10/18/2021",1765.7
"10/19/2021",1770.5
"10/20/2021",1784.9
"10/21/2021",1781.9
"10/22/2021",1796.3
"10/25/2021",1806.8
"10/26/2021",1793.4
"10/27/2021",1798.8
"10/28/2021",1802.6
"10/29/2021",1783.9
"11/01/2021",1795.8
"11/02/2021",1789.4
"11/03/2021",1763.9
"11/04/2021",1793.5
"11/05/2021",1816.8
"11/08/2021",1828
"11/09/2021",1830.8
"11/10/2021",1848.3
"11/11/2021",1863.9
"11/12/2021",1868.5
"11/15/2021",1866.6
"11/16/2021",1854.1
"11/17/2021",1870.2
"11/18/2021",1861.4
"11/19/2021",1851.6
"11/22/2021",1806.3
"11/23/2021",1783.8
"11/24/2021",1784.82
"11/26/2021",1786.54
"11/29/2021",1784.04
"11/30/2021",1775.92
"12/01/2021",1784.3
"12/02/2021",1762.7
"12/03/2021",1783.9
"12/06/2021",1779.5
"12/07/2021",1784.7
"12/08/2021",1785.5
"12/09/2021",1776.7
"12/10/2021",1784.8
"12/13/2021",1788.3
"12/14/2021",1772.3
"12/15/2021",1764.5
"12/16/2021",1798.2
"12/17/2021",1804.9
"12/20/2021",1794.6
"12/21/2021",1788.7
"12/22/2021",1802.2
"12/23/2021",1811.7
"12/24/2021",1811.7
"12/26/2021",1811.7
"12/27/2021",1808.8
"12/28/2021",1810.9
"12/29/2021",1805.8
"12/30/2021",1814.1
"12/31/2021",1828.6
"01/03/2022",1800.1
"01/04/2022",1814.6
"01/05/2022",1825.1
"01/06/2022",1789.2
"01/07/2022",1797.4
"01/10/2022",1798.8
"01/11/2022",1818.5
"01/12/2022",1827.3
"01/13/2022",1821.4
"01/14/2022",1816.5
"01/18/2022",1812.4
"01/19/2022",1843.2
"01/20/2022",1842.6
"01/21/2022",1831.8
"01/24/2022",1841.7
"01/25/2022",1852.5
"01/26/2022",1830.16
"01/27/2022",1793.86
"01/28/2022",1785.92
"01/31/2022",1796.12
"02/01/2022",1801.5
"02/02/2022",1810.3
"02/03/2022",1804.1
"02/04/2022",1807.8
"02/07/2022",1821.8
"02/08/2022",1827.9
"02/09/2022",1836.6
"02/10/2022",1837.4
"02/11/2022",1842.1
"02/14/2022",1869.4
"02/15/2022",1856.2
"02/16/2022",1871.5
"02/17/2022",1902
"02/18/2022",1899.8
"02/21/2022",1899.8
"02/22/2022",1907.4
"02/23/2022",1910.4
"02/24/2022",1926.3
"02/25/2022",1887.6
"02/28/2022",1900.7
"03/01/2022",1943.8
"03/02/2022",1922.3
"03/03/2022",1935.9
"03/04/2022",1966.6
"03/07/2022",1995.9
"03/08/2022",2043.3
"03/09/2022",1988.2
"03/10/2022",2000.4
"03/11/2022",1985
"03/14/2022",1960.8
"03/15/2022",1929.7
"03/16/2022",1909.2
"03/17/2022",1943.2
"03/18/2022",1929.3
"03/21/2022",1929.5
"03/22/2022",1921.5
"03/23/2022",1937.3
"03/24/2022",1962.2
"03/25/2022",1954.2
"03/28/2022",1940.78
"03/29/2022",1914.52
"03/30/2022",1936.8
"03/31/2022",1953.04
"04/01/2022",1923.7
"04/04/2022",1934
"04/05/2022",1927.5
"04/06/2022",1923.1
"04/07/2022",1937.8
"04/08/2022",1945.6
"04/11/2022",1948.2
"04/12/2022",1976.1
"04/13/2022",1984.7
"04/14/2022",1974.9
"04/15/2022",1974.9
"04/18/2022",1986.4
"04/19/2022",1959
"04/20/2022",1955.6
"04/21/2022",1948.2
"04/22/2022",1934.3
"04/25/2022",1896
"04/26/2022",1904.1
"04/27/2022",1888.7
"04/28/2022",1891.3
"04/29/2022",1911.7
"05/02/2022",1863.6
"05/03/2022",1870.6
"05/04/2022",1868.8
"05/05/2022",1875.7
"05/06/2022",1882.8
"05/09/2022",1858.6
"05/10/2022",1841
"05/11/2022",1853.7
"05/12/2022",1824.6
"05/13/2022",1808.2
"05/16/2022",1814
"05/17/2022",1818.9
"05/18/2022",1815.9
"05/19/2022",1841.2
"05/20/2022",1842.1
"05/23/2022",1847.8
"05/24/2022",1865.4
"05/25/2022",1847.54
"05/26/2022",1850.12
"05/27/2022",1854.9
"05/31/2022",1847.26
"06/01/2022",1848.7
"06/02/2022",1871.4
"06/03/2022",1850.2
"06/06/2022",1843.7
"06/07/2022",1852.1
"06/08/2022",1856.5
"06/09/2022",1852.8
"06/10/2022",1875.5
"06/13/2022",1831.8
"06/14/2022",1813.5
"06/15/2022",1819.6
"06/16/2022",1849.9
"06/17/2022",1840.6
"06/20/2022",1840.6
"06/21/2022",1838.8
"06/22/2022",1838.4
"06/23/2022",1829.8
"06/24/2022",1830.3
"06/27/2022",1829.3382
"06/28/2022",1824.4344
"06/29/2022",1818.2373
"06/30/2022",1817.4548
"07/01/2022",1806.0776
"07/02/2022",1811.12
"07/03/2022",1811.12
"07/04/2022",1807.3423
"07/05/2022",1808.6291
"07/06/2022",1767.9548
"07/07/2022",1737.6013
"07/08/2022",1740.4954
"07/09/2022",1742.34
"07/10/2022",1742.34
"07/11/2022",1742.15
"07/12/2022",1733.64
"07/13/2022",1725.6
"07/14/2022",1731.76
"07/15/2022",1711.8
"07/16/2022",1707.7
"07/17/2022",1707.7
"07/18/2022",1710.11
"07/19/2022",1710.12
"07/20/2022",1695.2131
"07/21/2022",1718.4886
"07/22/2022",1727.3163
"07/25/2022",1719.245
"07/26/2022",1718.1906
"07/27/2022",1738.9701
"07/28/2022",1754.669
"07/29/2022",1766.4309
"08/01/2022",1772.0067
"08/02/2022",1756.4075
"08/03/2022",1763.6446
"08/04/2022",1792.8209
"08/05/2022",1775.7796
"08/08/2022",1789.0615
"08/09/2022",1794.0933
"08/10/2022",1791.7249
"08/11/2022",1789.1296
"08/12/2022",1802.7804
"08/15/2022",1778.6433
"08/16/2022",1776.1056
"08/17/2022",1764.8633
"08/18/2022",1758.455
"08/19/2022",1747.435
"08/22/2022",1735.1633
"08/23/2022",1748.1523
"08/24/2022",1751.2754
"08/25/2022",1756.5567
"08/26/2022",1739.1203
"08/29/2022",1739.3102
"08/30/2022",1723.1833
"08/31/2022",1708.58
"09/01/2022",1697.5306
"09/02/2022",1712.5178
"09/05/2022",1714.21
"09/06/2022",1703.4835
"09/07/2022",1716.4367
"09/08/2022",1711.085
"09/09/2022",1717.075
"09/12/2022",1725.4175
"09/13/2022",1702.2933
"09/14/2022",1697.6191
"09/15/2022",1662.5775
"09/16/2022",1675.2805
"09/19/2022",1675.4505
"09/20/2022",1666.3787
"09/21/2022",1666.8727
"09/22/2022",1672.4703
"09/23/2022",1644.4717
"09/26/2022",1628.0698
"09/27/2022",1628.9589
"09/28/2022",1656.6025
"09/29/2022",1664.2594
"09/30/2022",1660.8799
"10/03/2022",1701.0961
"10/04/2022",1725.3733
"10/05/2022",1718.2606
"10/06/2022",1711.9558
"10/07/2022",1695.0231
"10/10/2022",1669.7836
"10/11/2022",1664.1168
"10/12/2022",1674.8588
"10/13/2022",1663.9278
"10/14/2022",1644.6412
"10/17/2022",1650.1075
"10/18/2022",1652.487
"10/19/2022",1627.525
"10/20/2022",1626.65
"10/21/2022",1657.6825
"10/24/2022",1652.015
"10/25/2022",1652.5885
"10/26/2022",1666.8893
"10/27/2022",1662.1567
"10/28/2022",1644.6679
"10/31/2022",1632.38
"11/01/2022",1646.655
"11/02/2022",1633.8692
"11/03/2022",1629.7067
"11/04/2022",1681.325
"11/07/2022",1675.2708
"11/08/2022",1712.4447
"11/09/2022",1706.7049
"11/10/2022",1755.5
"11/11/2022",1771.36
"11/14/2022",1771.3933
"11/15/2022",1779.1838
"11/16/2022",1773.3999
"11/17/2022",1760.4007
"11/18/2022",1751.0784
"11/21/2022",1737.9575
"11/22/2022",1740.09
"11/23/2022",1749.59
"11/24/2022",1755.49
"11/25/2022",1754.5487
"11/28/2022",1741.275
"11/29/2022",1749.815
"11/30/2022",1768.61
"12/01/2022",1803.055
"12/02/2022",1797.915
"12/05/2022",1768.915
"12/06/2022",1770.6663
"12/07/2022",1786.0849
"12/08/2022",1789.1498
"12/09/2022",1797.368
"12/12/2022",1781.5723
"12/13/2022",1810.9829
"12/14/2022",1807.4906
"12/15/2022",1776.9686
"12/16/2022",1792.7961
"12/19/2022",1787.5957
"12/20/2022",1818.0246
"12/21/2022",1814.5101
"12/22/2022",1792.2667
"12/23/2022",1798.4193
"12/26/2022",1798.4353
"12/27/2022",1813.7025
"12/28/2022",1804.336
"12/29/2022",1815.0549
"12/30/2022",1824.3233
"01/02/2023",1824.1633
"01/03/2023",1839.6677
"01/04/2023",1855.0746
"01/05/2023",1859.76
"01/06/2023",1865.888
"01/09/2023",1872.1846
"01/10/2023",1876.9378
"01/11/2023",1876.2679
"01/12/2023",1896.8403
"01/13/2023",1920.4831
"01/16/2023",1915.6618
"01/17/2023",1908.5987
"01/18/2023",1904.4307
"01/19/2023",1932.2238
"01/20/2023",1926.384
"01/23/2023",1930.551
"01/24/2023",1937.3769
"01/25/2023",1945.9486
"01/26/2023",1930.301
"01/27/2023",1927.5
"01/30/2023",1923.0734
"01/31/2023",1928.1201
"02/01/2023",1950.1689
"02/02/2023",1912.6283
"02/03/2023",1865.797
"02/06/2023",1867.5463
"02/07/2023",1872.5796
"02/08/2023",1875.625
"02/09/2023",1861.8583
"02/10/2023",1865.5321
"02/13/2023",1853.5286
"02/14/2023",1854.1897
"02/15/2023",1836.153
"02/16/2023",1836
"02/17/2023",1842.4007
"02/20/2023",1841
"02/21/2023",1834.7405
"02/22/2023",1825.0473
"02/23/2023",1821.9223
"02/24/2023",1811.2736
"02/27/2023",1817.3015
"02/28/2023",1826.7404
"03/01/2023",1836.7495
"03/02/2023",1835.8915
"03/03/2023",1855.334
"03/06/2023",1846.6929
"03/07/2023",1813.3341
"03/08/2023",1813.8308
"03/09/2023",1830.9041
"03/10/2023",1868.1
"03/13/2023",1912.1176
"03/14/2023",1903.6483
"03/15/2023",1921.6
"03/16/2023",1919.3968
"03/17/2023",1988.1368
"03/20/2023",1976.6158
"03/21/2023",1943.1898
"03/22/2023",1969.7389
"03/23/2023",1992.0096
"03/24/2023",1978.2
"03/27/2023",1956.5783
"03/28/2023",1971.9989
"03/29/2023",1962.9123
"03/30/2023",1978.4419
"03/31/2023",1969.5459
"04/03/2023",1985.1859
"04/04/2023",2020.8
"04/05/2023",2020.202
"04/06/2023",2007.8189
"04/07/2023",2007.7987
"04/10/2023",1992.2422
"04/11/2023",2004.8729
"04/12/2023",2017.6
"04/13/2023",2039.6545
"04/14/2023",2004.1205
"04/17/2023",1994.2081
"04/18/2023",2005
"04/19/2023",1993.9113
"04/20/2023",2005.0565
"04/21/2023",1984.0135
"04/24/2023",1995.2252
"04/25/2023",1997.7
"04/26/2023",1991.8474
"04/27/2023",1987.0351
"04/28/2023",1990.6
"05/01/2023",1981.3728
"05/02/2023",2015.9909
"05/03/2023",2053.1347
"05/04/2023",2049.5288
"05/05/2023",2017.6
"05/08/2023",2021.3453
"05/09/2023",2036.5355
"05/10/2023",2031.1
"05/11/2023",2016.1165
"05/12/2023",2010.5
"05/15/2023",2014.5664
"05/16/2023",1989.6507
"05/17/2023",1981.9
"05/18/2023",1958.2941
"05/19/2023",1977.7358
"05/22/2023",1969.9834
"05/23/2023",1975.4855
"05/24/2023",1959.9703
"05/25/2023",1940.1062
"05/26/2023",1946.2
"05/29/2023",1941.6631
"05/30/2023",1959.3698
"05/31/2023",1965.2
"06/01/2023",1977.0397
"06/02/2023",1947.5
"06/05/2023",1961.8269
"06/06/2023",1963.3357
"06/07/2023",1943.6
"06/08/2023",1964.8183
"06/09/2023",1960.7466
"06/12/2023",1959.6
"06/13/2023",1943.4588
"06/14/2023",1943.7
"06/15/2023",1958.3113
"06/16/2023",1958.2
"06/19/2023",1950.5949
"06/20/2023",1936.9
"06/21/2023",1934.2416
"06/22/2023",1914.5721
"06/23/2023",1920.2
"06/26/2023",1921.7
"06/27/2023",1913.7017
"06/28/2023",1907.4425
"06/29/2023",1908.2185
"06/30/2023",1919.5693
"07/03/2023",1921.6309
"07/04/2023",1926.3286
"07/05/2023",1915.1017
"07/06/2023",1911.8249
"07/07/2023",1924.4
"07/10/2023",1924.7537
"07/11/2023",1932.2929
"07/12/2023",1957.2314
"07/13/2023",1960.5595
"07/14/2023",1954.3
"07/17/2023",1954.4
"07/18/2023",1977.7
"07/19/2023",1976.0923
"07/20/2023",1968.752
"07/21/2023",1960.8422
"07/24/2023",1953.2125
"07/25/2023",1964.6734
"07/26/2023",1972.3652
"07/27/2023",1947.4727
"07/28/2023",1959.3565
"07/31/2023",1964.3387
"08/01/2023",1951.6
"08/02/2023",1935.1
"08/03/2023",1934.8
"08/04/2023",1942.6774
"08/07/2023",1936.4764
"08/08/2023",1924.6
"08/09/2023",1914.7
"08/10/2023",1912.0496
"08/11/2023",1913.1
"08/14/2023",1907.1
"08/15/2023",1901.5505
"08/16/2023",1891.4
"08/17/2023",1891.1041
"08/18/2023",1889.5322
"08/21/2023",1893.9697
"08/22/2023",1897.4942
"08/23/2023",1916.7181
"08/24/2023",1916.4
"08/25/2023",1914.8
"08/28/2023",1920.8
"08/29/2023",1935.7
"08/30/2023",1942.0769
"08/31/2023",1939.8281
"09/01/2023",1939.8074
"09/04/2023",1937.8737
"09/05/2023",1926.7786
"09/06/2023",1915.7544
"09/07/2023",1919.2429
"09/08/2023",1919.0651
"09/11/2023",1921.1
"09/12/2023",1912.8
"09/13/2023",1908.3985
"09/14/2023",1909.5
"09/15/2023",1923.9751
"09/18/2023",1934.0997
"09/19/2023",1930.651
"09/20/2023",1929.4298
"09/21/2023",1920.7
"09/22/2023",1924.8
"09/25/2023",1915
"09/26/2023",1901.0703
"09/27/2023",1876.3863
"09/28/2023",1865.7358
"09/29/2023",1848.4898
"10/02/2023",1825.8402
"10/03/2023",1822.6
"10/04/2023",1822.6276
"10/05/2023",1821.3811
"10/06/2023",1832.3056
"10/09/2023",1862.3528
"10/10/2023",1859.4
"10/11/2023",1875.2827
"10/12/2023",1870
"10/13/2023",1932.5
"10/16/2023",1919.4009
"10/17/2023",1923.9
"10/18/2023",1949.3089
"10/19/2023",1976.2423
"10/20/2023",1981.1286
"10/23/2023",1972.3933
"10/24/2023",1972.323
"10/25/2023",1979.8811
"10/26/2023",1984.3613
"10/27/2023",2005.6
"10/30/2023",1996.0976
"10/31/2023",1984.0109
"11/01/2023",1984.4608
"11/02/2023",1984.1135
"11/03/2023",1992.2804
"11/06/2023",1977.7347
"11/07/2023",1967
"11/08/2023",1948.2094
"11/09/2023",1958.319
"11/10/2023",1938.084
"11/13/2023",1945.8226
"11/14/2023",1962.9172
"11/15/2023",1959.3275
"11/16/2023",1980.8
"11/17/2023",1980.9275
"11/20/2023",1973.3863
"11/24/2023",2001.4347
"11/27/2023",2001.9
"11/28/2023",2014.4
"11/29/2023",2043.7
"11/30/2023",2044.8957
"12/01/2023",2039.4
"12/04/2023",2115.1
"12/05/2023",2032.5466
"12/06/2023",2017.6
"12/07/2023",2028.3244
"12/08/2023",2004.3314
"12/11/2023",1981.5917
"12/12/2023",1979.4815
"12/13/2023",2027.367
"12/14/2023",2036.3925
"12/15/2023",2019.9096
"12/18/2023",2027.2215
"12/19/2023",2040.2438
"12/20/2023",2031.5913
"12/21/2023",2045.9144
"12/22/2023",2053.2469
"12/25/2023",2054.4562
"12/26/2023",2067.8311
"12/27/2023",2077.2185
"12/28/2023",2065.3903
"12/29/2023",2062.9233
"01/01/2024",2064.6056
"01/02/2024",2059.0028
"01/03/2024",2041.3704
"01/04/2024",2043.4165
"01/05/2024",2045.6298
"01/08/2024",2028.2268
"01/09/2024",2030.1188
"01/10/2024",2024.3192
"01/11/2024",2028.6239
"01/12/2024",2049.174
"01/15/2024",2054.772
"01/16/2024",2028.4449
"01/17/2024",2006.33
"01/18/2024",2023.1038
"01/19/2024",2029.6244
"01/22/2024",2021.7173
"01/23/2024",2029.1878
"01/24/2024",2014.0865
"01/25/2024",2020.8981
"01/26/2024",2018.5729
"01/29/2024",2032.4088
"01/30/2024",2036.7646
"01/31/2024",2039.1538
"02/01/2024",2054.7804
"02/02/2024",2039.5759
"02/05/2024",2024.8776
"02/06/2024",2035.9405
"02/07/2024",2035.0269
"02/08/2024",2034.2279
"02/09/2024",2024.3591
"02/12/2024",2020.1173
"02/13/2024",1992.8894
"02/14/2024",1992.0557
"02/15/2024",2004.0683
"02/16/2024",2013.1418
"02/19/2024",2017.9517
"02/20/2024",2024.3222
"02/21/2024",2026.0469
"02/22/2024",2024.3489
"02/23/2024",2035.4784
"02/26/2024",2031.3003
"02/27/2024",2030.4919
"02/28/2024",2034.499
"02/29/2024",2044.1997
"03/01/2024",2082.6413
"03/04/2024",2114.2934
"03/05/2024",2127.8362
"03/06/2024",2148.1446
"03/07/2024",2159.9135
"03/08/2024",2178.8819
"03/11/2024",2183.4919
"03/12/2024",2157.1762
"03/13/2024",2175.3767
"03/14/2024",2161.7789
"03/15/2024",2156.0553
"03/18/2024",2160.0768
"03/19/2024",2157.488
"03/20/2024",2205.4267
"03/21/2024",2181.5104
"03/22/2024",2165.4677
"03/25/2024",2171.8451
"03/26/2024",2179.6037
"03/27/2024",2194.7874
"03/28/2024",2231.5562
"03/29/2024",2231.5551
"04/01/2024",2251.2079
"04/02/2024",2280.7098
"04/03/2024",2297.414
"04/04/2024",2289.456
"04/05/2024",2330.0383
"04/08/2024",2338.6944
"04/09/2024",2354.4258
"04/10/2024",2333.3847
"04/11/2024",2335.2319
"04/12/2024",2376.4428
"04/15/2024",2364.0634
"04/16/2024",2382.1406
"04/17/2024",2382.5436
"04/18/2024",2367.7213
"04/19/2024",2379.8644
"04/22/2024",2386.5964
"04/23/2024",2333.4881
"04/24/2024",2323.879
"04/25/2024",2316.5469
"04/26/2024",2330.914
"04/29/2024",2336.3899
"04/30/2024",2285.9886
"05/01/2024",2322.5042
"05/02/2024",2303.955
"05/03/2024",2302.0974
"05/06/2024",2323.9492
"05/07/2024",2314.0702
"05/08/2024",2308.4079
"05/09/2024",2347.2415
"05/10/2024",2360.5059
"05/13/2024",2336.3312
"05/14/2024",2355.6516
"05/15/2024",2391.6436
"05/16/2024",2378.4126
"05/17/2024",2414.3276
"05/20/2024",2426.5278
"05/21/2024",2421.1785
"05/22/2024",2378.8228
"05/23/2024",2328.6167
"05/24/2024",2334.1063
"05/27/2024",2351.522
"05/28/2024",2361.3308
"05/29/2024",2338.3608
"05/30/2024",2343.2566
"05/31/2024",2327.2836
"06/03/2024",2350.6541
"06/04/2024",2328.7821
"06/05/2024",2355.1467
"06/06/2024",2355.1412
"06/07/2024",2376.9455
"06/10/2024",2309.6875
"06/11/2024",2314.8992
"06/12/2024",2320.891
"06/13/2024",2302.5877
"06/14/2024",2332.8294
"06/17/2024",2320.3404
"06/18/2024",2328.6574
"06/19/2024",2329.4114
"06/20/2024",2360.6676
"06/21/2024",2321.4406
"06/24/2024",2318.76
"06/25/2024",2320.1816
"06/26/2024",2298.3434
"06/27/2024",2327.7549
"06/28/2024",2326.7177
"07/01/2024",2332.2255
"07/02/2024",2332.2337
"07/03/2024",2358.4113
"07/04/2024",2358.4127
"07/05/2024",2392.1342
"07/08/2024",2361.8718
"07/09/2024",2365.2041
"07/10/2024",2372.6481
"07/11/2024",2415.3365
"07/12/2024",2411.1695
"07/15/2024",2422.3281
"07/16/2024",2468.9651
"07/17/2024",2461.3476
"07/18/2024",2443.57
"07/19/2024",2400.6722
"07/22/2024",2395.9441
"07/23/2024",2408.9478
"07/24/2024",2399.2668
"07/25/2024",2364.0969
"07/26/2024",2386.8314
"07/29/2024",2381.579
"07/30/2024",2409.7053
"07/31/2024",2409.6865
"08/01/2024",2445.819
"08/02/2024",2442.1993
"08/05/2024",2405.7112
"08/06/2024",2405.6562
"08/07/2024",2383.7022
"08/08/2024",2424.5422
"08/09/2024",2431.1646
"08/12/2024",2475.3578
"08/13/2024",2475.3425
"08/14/2024",2463.9524
"08/15/2024",2457.5157
"08/16/2024",2457.5399
"08/19/2024",2503.3294
"08/20/2024",2513.5228
"08/21/2024",2512.6386
"08/22/2024",2487.0611
"08/23/2024",2512.4492
"08/26/2024",2515.5587
"08/27/2024",2526.0627
"08/28/2024",2525.4407
"08/29/2024",2519.5644
"08/30/2024",2503.3796
"09/02/2024",2502.6497
"09/03/2024",2493.5697
"09/04/2024",2495.6607
"09/05/2024",2517.4649
"09/06/2024",2497.4214
"09/09/2024",2506.9568
"09/10/2024",2518.3874
"09/11/2024",2512.3892
"09/12/2024",2557.7934
"09/13/2024",2578.948
"09/16/2024",2583.7957
"09/17/2024",2573.7475
"09/18/2024",2558.5067
"09/19/2024",2587.2619
"09/20/2024",2622.2836
"09/23/2024",2626.3504
"09/24/2024",2626.0297
"09/25/2024",2657.6379
"09/26/2024",2657.1717
"09/27/2024",2658.4609
"09/30/2024",2664.4143
"10/01/2024",2635.3447
"10/02/2024",2660.42
"10/03/2024",2655.584
"10/04/2024",2653.5475
"10/07/2024",2650.3476
"10/08/2024",2643.2859
"10/09/2024",2608.4802
"10/10/2024",2608.453
"10/11/2024",2656.9635
"10/14/2024",2649.6243
"10/15/2024",2661.0395
"10/16/2024",2660.1335
"10/17/2024",2674.0149
"10/18/2024",2693.7115
"10/21/2024",2721.0847
"10/22/2024",2720.87
"10/23/2024",2721.4217
"10/24/2024",2734.5717
"10/25/2024",0
"10/28/2024",2743.522
"10/29/2024",2775.0875
"10/30/2024",2785.9654
"10/31/2024",2746.7019
"11/01/2024",2736.4198
"11/04/2024",2736.476
"11/05/2024",2745.3295
"11/06/2024",2663.5627
"11/07/2024",2706.3233
"11/08/2024",2684.5457
"11/11/2024",2623.8386
"11/12/2024",2623.7457
"11/13/2024",2571.5469
"11/14/2024",2567.1535
"11/15/2024",2563.3435
"11/18/2024",2611.082
"11/19/2024",2611.515
"11/20/2024",2631.8352
"11/21/2024",2670.8902
"11/22/2024",2712.8208
"11/25/2024",2718.2297
"11/26/2024",2628.1313
"11/27/2024",2639.9188
"11/28/2024",2639.7907
"11/29/2024",2651.247
"12/02/2024",2639.7134
"12/03/2024",2641.8893
"12/04/2024",2652.7444
"12/05/2024",2632.6667
"12/06/2024",2635.5903
"12/09/2024",2664.3764
"12/10/2024",2693.4503
"12/11/2024",2717.2861
"12/12/2024",2682.6675
"12/13/2024",2681.0892
"12/16/2024",2651.8376
"12/17/2024",2647.2815
"12/18/2024",2647.4006
"12/19/2024",2588.3133
"12/20/2024",2623.3843
"12/23/2024",2615.5792
"12/24/2024",2616.616
"12/25/2024",2618.6442
"12/26/2024",2632.7221
"12/27/2024",2621.9468
"12/30/2024",2606.8618
"12/31/2024",2624.603
"01/01/2025",2624.0865
"01/02/2025",2624.1003
"01/03/2025",2658.5174
"01/06/2025",2634.817
"01/07/2025",2649.9402
"01/08/2025",2649.9262
"01/09/2025",2662.9031
"01/10/2025",2689.3504
"01/13/2025",2668.7875
"01/14/2025",2668.7519
"01/15/2025",2695.1781
"01/16/2025",2695.1926
"01/17/2025",2702.6863
"01/20/2025",2696.3699
"01/21/2025",2744.1618
"01/22/2025",2755.5952
"01/23/2025",2754.6578
"01/24/2025",2771.2884
"01/27/2025",2742.3068
"01/28/2025",2742.1677
"01/29/2025",2764.7604
"01/30/2025",2761.6871
"01/31/2025",2798.1968
"02/03/2025",2814.0358
"02/04/2025",2841.886
"02/05/2025",2869.6463
"02/06/2025",2857.7022
"02/07/2025",2861.2303
"02/10/2025",2918.843
"02/11/2025",2918.9325
"02/12/2025",2905.8955
"02/13/2025",2931.769
"02/14/2025",2882.6253
"02/17/2025",2879.7613
"02/18/2025",2934.2034
"02/19/2025",2935.8402
"02/20/2025",2941.3019
"02/21/2025",2936.1246
"02/24/2025",2937.0128
"02/25/2025",2917.9104
"02/26/2025",2919.7208
"02/27/2025",2876.3983
"02/28/2025",2876.208
"03/03/2025",2891.2263
"03/04/2025",2914.8486
"03/05/2025",2918.2553
"03/06/2025",2918.1999
"03/07/2025",2910.4035
"03/10/2025",2884.5336
"03/11/2025",2915.5794
"03/12/2025",2937.9577
"03/13/2025",2986.4564
"03/14/2025",2985.7968
"03/17/2025",2989.5188
"03/18/2025",3032.251
"03/19/2025",3050.1754
"03/20/2025",3050.4918
"03/21/2025",3023.4225
"03/24/2025",3009.9222
"03/25/2025",3021.2439
"03/26/2025",3021.3215
"03/27/2025",3055.4877
"03/28/2025",3084.5015
"03/31/2025",3086.3435
"04/01/2025",3115.0514
"04/02/2025",3114.7409
"04/03/2025",3114.3916
"04/04/2025",3037.3627
"04/07/2025",2981.5724
"04/08/2025",2981.3324
"04/09/2025",3086.9965
"04/10/2025",3187.2895
"04/11/2025",3236.351
"04/14/2025",3211.9744
"04/15/2025",3247.5862
"04/16/2025",3350.8022
"04/17/2025",3322.916
"04/18/2025",3322.9197
"04/21/2025",3435.907
"04/22/2025",3337.6222
"04/23/2025",3313.6283
"04/24/2025",3315.6828
"04/25/2025",3319.0725
"04/28/2025",3338.4077
"04/29/2025",3338.2127
"04/30/2025",3273.5046
"05/01/2025",3273.6334
"05/02/2025",3240.9921
"05/05/2025",3333.5639
"05/06/2025",3397.7541
"05/07/2025",3374.7474
"05/08/2025",3318.5467
"05/09/2025",3316.0018
"05/12/2025",3236.8221
"05/13/2025",3236.7645
"05/14/2025",3184.7036
"05/15/2025",3237.8283
"05/16/2025",3202.7885
"05/19/2025",3222.6202
"05/20/2025",3291.4822
"05/21/2025",3319.5682
"05/22/2025",3300.4744
"05/23/2025",3300.4881
"05/26/2025",3345.7797
"05/27/2025",3310.0967
"05/28/2025",3261.1267
"05/29/2025",3315.4905
"05/30/2025",3289.5548
"06/02/2025",3385.8823
"06/03/2025",3359.4418
"06/04/2025",3377.8649
"06/05/2025",3361.8984
"06/06/2025",3311.05
"06/09/2025",3317.4868
"06/10/2025",3327.1449
"06/11/2025",3361.8
"06/12/2025",3390.8075
"06/13/2025",3392.0382
"06/16/2025",3401.135
"06/17/2025",3387.1896
"06/18/2025",3374.787
"06/19/2025",3375.516
"06/20/2025",3368.2624
"06/23/2025",3345.5893
"06/24/2025",3344.5795
"06/25/2025",3324.7444
"06/26/2025",3336.7813
"06/27/2025",3274.1691
"06/30/2025",3266.4101
"07/01/2025",3311.8231
"07/02/2025",3337.6168
"07/03/2025",3345.5334
"07/04/2025",3329.4047
"07/07/2025",3327.4991
"07/08/2025",3335.4849
"07/09/2025",3304.5671
"07/10/2025",3317.5583
"07/11/2025",3325.1313
"07/14/2025",3367.0941
"07/15/2025",3345.7572
"07/16/2025",3330.5524
"07/17/2025",3346.0372
"07/18/2025",3340.2365
"07/21/2025",3348.7712
"07/22/2025",3394.6879
"07/23/2025",3429.3736
"07/24/2025",3390.9514
"07/25/2025",3369.2155
"07/28/2025",3334.9563
"07/29/2025",3314.1389
"07/30/2025",3328.9391
"07/31/2025",3285.7772
"08/01/2025",3287.4948
"08/04/2025",3377.283
"08/05/2025",3378.3042
"08/06/2025",3383.2532
"08/07/2025",3367.2075
"08/08/2025",3399.9959
"08/11/2025",3349.1862
"08/12/2025",3349.0516
"08/13/2025",3350.1062
"08/14/2025",3364.2112
"08/15/2025",3334.278
"08/18/2025",3329.6042
"08/19/2025",3330.3475
"08/20/2025",3313.7601
"08/21/2025",3338.4077
"08/22/2025",3337.9174
"08/25/2025",3367.6157
"08/26/2025",3356.2171
"08/27/2025",3390.8535
"08/28/2025",3396.1047
"08/29/2025",3415.7672
"09/01/2025",3446.4166
"09/02/2025",3481.3063
"09/03/2025",3559.5866
"09/04/2025",3558.893
"09/05/2025",3553.4077
"09/08/2025",3636.972
"09/09/2025",3634.9757
"09/10/2025",3633.1862
"09/11/2025",3645.3444
"09/12/2025",3632.6517
"09/15/2025",3676.5179
"09/16/2025",3677.0789
"09/17/2025",3693.4919
"09/18/2025",3665.8775
"09/19/2025",3640.9515
"09/22/2025",3686.6224
"09/23/2025",3748.3929
"09/24/2025",3761.2579
"09/25/2025",3745.1786
"09/26/2025",3746.1321
"09/29/2025",3770.9528
"09/30/2025",3836.2342
"10/01/2025",3864.5849
"10/02/2025",3861.0933
"10/03/2025",3861.7495
"10/06/2025",3904.2521
"10/07/2025",3968.8682
"10/08/2025",3996.7866
"10/09/2025",4013.405
"10/10/2025",3986.7322
"10/13/2025",4032.0142
"10/14/2025",4164.3849
"10/15/2025",4163.622
"10/16/2025",4207.5146
"10/17/2025",4365.3158
"10/20/2025",4236.7316
"10/21/2025",4359.426
"10/22/2025",4052.8656
"10/23/2025",4091.07
"10/24/2025",4123.4903
"10/27/2025",4064.2889
"10/28/2025",3996.5478
"10/29/2025",3947.7009
"10/30/2025",4040.502
"10/31/2025",4002.7699
"11/03/2025",4001.5206
"11/04/2025",3932.085
"11/05/2025",3979.7036
"11/06/2025",3977.1552
"11/07/2025",4001.2804
"11/10/2025",4115.4338
"11/11/2025",4126.6809
"11/12/2025",4195.2732
"11/13/2025",4171.49
"11/14/2025",4083.3509
"11/17/2025",4045.7984
"11/18/2025",4067.5539
"11/19/2025",4077.871
"11/20/2025",4077.5717
"11/21/2025",4065.0737
"11/24/2025",4134.3926
"11/25/2025",4130.7123
"11/26/2025",4163.7347
"11/27/2025",4158.1426
"11/28/2025",4217.3637
"12/01/2025",4232.1056
"12/02/2025",4205.7981
"12/03/2025",4203.1906
"12/04/2025",4208.8605
"12/05/2025",4198.2409
"12/08/2025",4190.7109
"12/09/2025",4208.1609
"12/10/2025",4228.7321
"12/11/2025",4279.4663
"12/12/2025",4299.8732
"12/15/2025",4305.0007
"12/16/2025",4302.2966
"12/17/2025",4338.0184
"12/18/2025",4332.6805
"12/19/2025",4339.4302
"12/22/2025",4443.6841
"12/23/2025",4469.4935